component,explained_variance,cumulative_variance
PCA_1,0.09369083,0.09369083
PCA_2,0.069475345,0.16316617
PCA_3,0.04885452,0.21202068
PCA_4,0.041080777,0.25310147
PCA_5,0.035488848,0.2885903
PCA_6,0.031277746,0.31986806
PCA_7,0.024446143,0.3443142
PCA_8,0.01957828,0.36389247
PCA_9,0.019257704,0.38315016
PCA_10,0.017738948,0.4008891
